﻿{"ATLAS": {"SPRITES":[ 
{"SPRITE" : {"name": "0000","x":20,"y":20,"w":571,"h":583,"rotated": false}},
{"SPRITE" : {"name": "0001","x":20,"y":643,"w":391,"h":707,"rotated": false}},
{"SPRITE" : {"name": "0002","x":1439,"y":697,"w":235,"h":807,"rotated": false}},
{"SPRITE" : {"name": "0003","x":827,"y":643,"w":266,"h":837,"rotated": false}},
{"SPRITE" : {"name": "0004","x":451,"y":643,"w":336,"h":784,"rotated": false}},
{"SPRITE" : {"name": "0005","x":1242,"y":20,"w":488,"h":637,"rotated": false}},
{"SPRITE" : {"name": "0006","x":631,"y":20,"w":571,"h":583,"rotated": false}},
{"SPRITE" : {"name": "0007","x":1133,"y":697,"w":266,"h":837,"rotated": false}}
]},
"meta": {
"app": "Adobe Animate",
"version": "24.0.8.70",
"image": "spritemap1.png",
"format": "RGBA8888",
"size": {"w":1750,"h":1554},
"resolution": "3"
}
}
