﻿{"ATLAS": {"SPRITES":[ 
{"SPRITE" : {"name": "0000","x":146,"y":563,"w":104,"h":182,"rotated": false}},
{"SPRITE" : {"name": "0001","x":349,"y":20,"w":107,"h":242,"rotated": false}},
{"SPRITE" : {"name": "0002","x":374,"y":302,"w":96,"h":242,"rotated": false}},
{"SPRITE" : {"name": "0003","x":20,"y":20,"w":107,"h":341,"rotated": false}},
{"SPRITE" : {"name": "0004","x":20,"y":401,"w":86,"h":341,"rotated": false}},
{"SPRITE" : {"name": "0005","x":167,"y":313,"w":167,"h":210,"rotated": false}},
{"SPRITE" : {"name": "0006","x":167,"y":20,"w":142,"h":253,"rotated": false}}
]},
"meta": {
"app": "Adobe Animate",
"version": "24.0.8.70",
"image": "spritemap1.png",
"format": "RGBA8888",
"size": {"w":490,"h":765},
"resolution": "3"
}
}
