﻿{"ATLAS": {"SPRITES":[ 
{"SPRITE" : {"name": "0000","x":498,"y":230,"w":21,"h":16,"rotated": false}},
{"SPRITE" : {"name": "0001","x":981,"y":156,"w":23,"h":15,"rotated": false}},
{"SPRITE" : {"name": "0002","x":982,"y":20,"w":22,"h":14,"rotated": false}},
{"SPRITE" : {"name": "0003","x":981,"y":211,"w":23,"h":15,"rotated": false}},
{"SPRITE" : {"name": "0004","x":20,"y":20,"w":199,"h":199,"rotated": false}},
{"SPRITE" : {"name": "0005","x":498,"y":20,"w":199,"h":170,"rotated": false}},
{"SPRITE" : {"name": "0006","x":737,"y":20,"w":205,"h":96,"rotated": false}},
{"SPRITE" : {"name": "0007","x":737,"y":156,"w":204,"h":83,"rotated": false}},
{"SPRITE" : {"name": "0008","x":20,"y":259,"w":204,"h":83,"rotated": false}},
{"SPRITE" : {"name": "0009","x":259,"y":20,"w":199,"h":199,"rotated": false}}
]},
"meta": {
"app": "Adobe Animate",
"version": "24.0.8.70",
"image": "spritemap1.png",
"format": "RGBA8888",
"size": {"w":1024,"h":362},
"resolution": "3"
}
}
