{
"AN": {
"N": "Untitled-1",
"SN": "Body",
"TL": {
"L": [
{
"LN": "MergedLayer_1",
"FR": [
{
"I": 0,
"DU": 1,
"E": [
{
"ASI": {
"N": "0000",
"M3D": [
0.3333282470703125,
0.0,
0.0,
0.0,
0.0,
0.3333282470703125,
0.0,
0.0,
0.0,
0.0,
1.0,
0.0,
-2.65,
-2.65,
0.0,
1.0
]
}
}
]
},
{
"I": 1,
"DU": 1,
"E": [
{
"ASI": {
"N": "0001",
"M3D": [
0.3333282470703125,
0.0,
0.0,
0.0,
0.0,
0.3333282470703125,
0.0,
0.0,
0.0,
0.0,
1.0,
0.0,
-2.65,
-2.65,
0.0,
1.0
]
}
}
]
},
{
"I": 2,
"DU": 1,
"E": [
{
"ASI": {
"N": "0002",
"M3D": [
0.3333282470703125,
0.0,
0.0,
0.0,
0.0,
0.3333282470703125,
0.0,
0.0,
0.0,
0.0,
1.0,
0.0,
1.65,
-6.65,
0.0,
1.0
]
}
}
]
},
{
"I": 3,
"DU": 1,
"E": [
{
"ASI": {
"N": "0003",
"M3D": [
0.3333282470703125,
0.0,
0.0,
0.0,
0.0,
0.3333282470703125,
0.0,
0.0,
0.0,
0.0,
1.0,
0.0,
-3.65,
-3.3,
0.0,
1.0
]
}
}
]
}
]
}
]
}
},
"MD": {
"FRT": 24.0
}
}