﻿{"ATLAS": {"SPRITES":[ 
{"SPRITE" : {"name": "0000","x":436,"y":20,"w":367,"h":397,"rotated": false}},
{"SPRITE" : {"name": "0001","x":436,"y":457,"w":367,"h":397,"rotated": false}},
{"SPRITE" : {"name": "0002","x":20,"y":466,"w":344,"h":410,"rotated": false}},
{"SPRITE" : {"name": "0003","x":20,"y":20,"w":376,"h":406,"rotated": false}}
]},
"meta": {
"app": "Adobe Animate",
"version": "24.0.8.70",
"image": "spritemap1.png",
"format": "RGBA8888",
"size": {"w":823,"h":896},
"resolution": "3"
}
}
