{
"AN": {
"N": "RECOVER_Untitled-1_20256954937",
"SN": "Pupils",
"TL": {
"L": [
{
"LN": "Layer_7",
"FR": [
{
"I": 0,
"DU": 1,
"E": [
{
"ASI": {
"N": "0000",
"M3D": [
0.3333282470703125,
0.0,
0.0,
0.0,
0.0,
0.3333282470703125,
0.0,
0.0,
0.0,
0.0,
1.0,
0.0,
0.0,
0.0,
0.0,
1.0
]
}
}
]
},
{
"I": 1,
"DU": 1,
"E": [
{
"ASI": {
"N": "0001",
"M3D": [
0.3333282470703125,
0.0,
0.0,
0.0,
0.0,
0.3333282470703125,
0.0,
0.0,
0.0,
0.0,
1.0,
0.0,
2.3,
2.3,
0.0,
1.0
]
}
}
]
},
{
"I": 2,
"DU": 1,
"E": [
{
"ASI": {
"N": "0002",
"M3D": [
0.3333282470703125,
0.0,
0.0,
0.0,
0.0,
0.3333282470703125,
0.0,
0.0,
0.0,
0.0,
1.0,
0.0,
4.3,
4.3,
0.0,
1.0
]
}
}
]
},
{
"I": 3,
"DU": 1,
"E": [
{
"ASI": {
"N": "0003",
"M3D": [
0.3333282470703125,
0.0,
0.0,
0.0,
0.0,
0.3333282470703125,
0.0,
0.0,
0.0,
0.0,
1.0,
0.0,
-8.3,
-8.3,
0.0,
1.0
]
}
}
]
},
{
"I": 4,
"DU": 1,
"E": [
{
"ASI": {
"N": "0004",
"M3D": [
0.3333282470703125,
0.0,
0.0,
0.0,
0.0,
0.3333282470703125,
0.0,
0.0,
0.0,
0.0,
1.0,
0.0,
-8.3,
-8.3,
0.0,
1.0
]
}
}
]
}
]
}
]
}
},
"MD": {
"FRT": 24.0
}
}