﻿{"ATLAS": {"SPRITES":[ 
{"SPRITE" : {"name": "0000","x":20,"y":354,"w":77,"h":77,"rotated": false}},
{"SPRITE" : {"name": "0001","x":137,"y":354,"w":63,"h":63,"rotated": false}},
{"SPRITE" : {"name": "0002","x":187,"y":20,"w":50,"h":50,"rotated": false}},
{"SPRITE" : {"name": "0003","x":20,"y":20,"w":127,"h":127,"rotated": false}},
{"SPRITE" : {"name": "0004","x":20,"y":187,"w":127,"h":127,"rotated": false}}
]},
"meta": {
"app": "Adobe Animate",
"version": "24.0.8.70",
"image": "spritemap1.png",
"format": "RGBA8888",
"size": {"w":257,"h":451},
"resolution": "3"
}
}
