﻿{"ATLAS": {"SPRITES":[ 
{"SPRITE" : {"name": "0000","x":308,"y":219,"w":192,"h":169,"rotated": false}},
{"SPRITE" : {"name": "0001","x":20,"y":233,"w":192,"h":169,"rotated": false}},
{"SPRITE" : {"name": "0002","x":20,"y":20,"w":248,"h":173,"rotated": false}},
{"SPRITE" : {"name": "0003","x":616,"y":20,"w":243,"h":174,"rotated": false}},
{"SPRITE" : {"name": "0004","x":308,"y":20,"w":268,"h":159,"rotated": false}},
{"SPRITE" : {"name": "0005","x":540,"y":234,"w":265,"h":121,"rotated": false}}
]},
"meta": {
"app": "Adobe Animate",
"version": "24.0.8.70",
"image": "spritemap1.png",
"format": "RGBA8888",
"size": {"w":879,"h":422},
"resolution": "3"
}
}
