﻿{"ATLAS": {"SPRITES":[ 
{"SPRITE" : {"name": "0000","x":734,"y":716,"w":115,"h":85,"rotated": false}},
{"SPRITE" : {"name": "0001","x":811,"y":320,"w":135,"h":74,"rotated": false}},
{"SPRITE" : {"name": "0002","x":20,"y":351,"w":204,"h":98,"rotated": false}},
{"SPRITE" : {"name": "0003","x":264,"y":357,"w":217,"h":89,"rotated": false}},
{"SPRITE" : {"name": "0004","x":20,"y":608,"w":205,"h":76,"rotated": false}},
{"SPRITE" : {"name": "0005","x":20,"y":724,"w":77,"h":77,"rotated": false}},
{"SPRITE" : {"name": "0006","x":894,"y":20,"w":68,"h":65,"rotated": false}},
{"SPRITE" : {"name": "0007","x":502,"y":716,"w":192,"h":67,"rotated": false}},
{"SPRITE" : {"name": "0008","x":265,"y":696,"w":197,"h":75,"rotated": false}},
{"SPRITE" : {"name": "0009","x":568,"y":320,"w":203,"h":100,"rotated": false}},
{"SPRITE" : {"name": "0010","x":304,"y":182,"w":224,"h":135,"rotated": false}},
{"SPRITE" : {"name": "0011","x":20,"y":20,"w":244,"h":156,"rotated": false}},
{"SPRITE" : {"name": "0012","x":304,"y":20,"w":255,"h":122,"rotated": false}},
{"SPRITE" : {"name": "0013","x":778,"y":460,"w":172,"h":107,"rotated": false}},
{"SPRITE" : {"name": "0014","x":568,"y":182,"w":244,"h":98,"rotated": false}},
{"SPRITE" : {"name": "0015","x":20,"y":216,"w":225,"h":95,"rotated": false}},
{"SPRITE" : {"name": "0016","x":594,"y":607,"w":240,"h":69,"rotated": false}},
{"SPRITE" : {"name": "0017","x":20,"y":489,"w":240,"h":79,"rotated": false}},
{"SPRITE" : {"name": "0018","x":300,"y":589,"w":254,"h":67,"rotated": false}},
{"SPRITE" : {"name": "0019","x":599,"y":20,"w":255,"h":122,"rotated": false}},
{"SPRITE" : {"name": "0020","x":521,"y":460,"w":217,"h":89,"rotated": false}},
{"SPRITE" : {"name": "0021","x":852,"y":182,"w":92,"h":89,"rotated": false}}
]},
"meta": {
"app": "Adobe Animate",
"version": "24.0.8.70",
"image": "spritemap1.png",
"format": "RGBA8888",
"size": {"w":982,"h":821},
"resolution": "3"
}
}
