﻿{"ATLAS": {"SPRITES":[ 
{"SPRITE" : {"name": "0000","x":704,"y":20,"w":588,"h":513,"rotated": false}},
{"SPRITE" : {"name": "0001","x":1332,"y":20,"w":588,"h":513,"rotated": false}},
{"SPRITE" : {"name": "0002","x":20,"y":20,"w":644,"h":529,"rotated": false}},
{"SPRITE" : {"name": "0003","x":1960,"y":20,"w":588,"h":513,"rotated": false}},
{"SPRITE" : {"name": "0004","x":2588,"y":20,"w":588,"h":513,"rotated": false}},
{"SPRITE" : {"name": "0005","x":3216,"y":20,"w":588,"h":513,"rotated": false}},
{"SPRITE" : {"name": "0006","x":704,"y":573,"w":588,"h":513,"rotated": false}},
{"SPRITE" : {"name": "0007","x":1332,"y":573,"w":588,"h":513,"rotated": false}},
{"SPRITE" : {"name": "0008","x":1960,"y":573,"w":588,"h":513,"rotated": false}},
{"SPRITE" : {"name": "0009","x":2588,"y":573,"w":588,"h":513,"rotated": false}},
{"SPRITE" : {"name": "0010","x":3216,"y":573,"w":588,"h":513,"rotated": false}},
{"SPRITE" : {"name": "0011","x":20,"y":589,"w":588,"h":513,"rotated": false}},
{"SPRITE" : {"name": "0012","x":648,"y":1126,"w":588,"h":513,"rotated": false}},
{"SPRITE" : {"name": "0013","x":1276,"y":1126,"w":588,"h":513,"rotated": false}},
{"SPRITE" : {"name": "0014","x":1904,"y":1126,"w":588,"h":513,"rotated": false}},
{"SPRITE" : {"name": "0015","x":2532,"y":1126,"w":588,"h":513,"rotated": false}},
{"SPRITE" : {"name": "0016","x":3160,"y":1126,"w":588,"h":513,"rotated": false}},
{"SPRITE" : {"name": "0017","x":20,"y":1142,"w":588,"h":513,"rotated": false}},
{"SPRITE" : {"name": "0018","x":648,"y":1679,"w":588,"h":513,"rotated": false}},
{"SPRITE" : {"name": "0019","x":1276,"y":1679,"w":588,"h":513,"rotated": false}},
{"SPRITE" : {"name": "0020","x":1904,"y":1679,"w":588,"h":513,"rotated": false}},
{"SPRITE" : {"name": "0021","x":2532,"y":1679,"w":588,"h":513,"rotated": false}}
]},
"meta": {
"app": "Adobe Animate",
"version": "24.0.8.70",
"image": "spritemap1.png",
"format": "RGBA8888",
"size": {"w":3824,"h":2212},
"resolution": "3"
}
}
